scan,Q,dQ,tau,dtau,dtau%,beta,dbeta,dbeta%,c,dc,dc%,y0,dy0,dy%,redchi2,ID_sample,T,ch2,I_ch2,initial_I,E,theta,fresh,ramp,test,att
GeO2_3_100C_0001_0004,0.2,0.02,5.309984463895427,0.0928786830174008,1.7491328580887158,0.7599374956661276,0.0106858277057131,1.4061456062707336,0.0296012136817207,0.0003120604549823,1.0542150681309528,1.0013634619353156,2.308897314766146e-05,0.0023057535076262,1.4755585544999696,3.0,100.0,4.885e-06,197.173735,196.114965,9.7,0.19,,heating,,
GeO2_3_100C_0001_0004,0.21,0.01,5.3297768289147855,0.1341293995289177,2.516604425184314,0.7482862298416744,0.0136240459145431,1.820699803259212,0.0294143209044563,0.0004241050406067,1.4418318273752233,1.0012444189613634,1.2015119566267415e-05,0.0012000186306887,1.3053111687467671,3.0,100.0,4.885e-06,197.173735,196.114965,9.7,0.19,,heating,,
GeO2_3_170C_0001_0004,0.2,0.02,4.626518877630432,0.0701807718754161,1.5169239277234012,0.7338986204372037,0.0084390016299171,1.1498865640174878,0.0293301387472806,0.0002608025263103,0.8891963606359776,1.0013549620448947,1.7693654664768967e-05,0.0017669712874479,0.9693888786899691,3.0,170.0,4.903e-06,198.995318,197.917245,9.7,0.19,,heating,,
GeO2_3_170C_0001_0004,0.21,0.01,4.468482402230018,0.1187022973438682,2.656434257962598,0.7106992513856771,0.0125460577482985,1.7653118001513275,0.0297136977767652,0.0004359081821723,1.4670277171398218,1.001240407910695,8.127739086753404e-06,0.0008117669864836,1.3441139542308376,3.0,170.0,4.903e-06,198.995318,197.917245,9.7,0.19,,heating,,
GeO2_3_240C_0001_0004,0.2,0.02,4.063623771761541,0.0781750557462969,1.9237769079298603,0.7457556282387352,0.0109657793821736,1.47042529307781,0.0282209596132366,0.0003192046756603,1.1310907922161093,1.00137238867316,1.9609947808454224e-05,0.0019583072221951,1.2501902956691775,3.0,240.0,4.757e-06,193.439023,200.093556,9.7,0.19,,heating,,
GeO2_3_240C_0001_0004,0.21,0.01,3.960442994259983,0.1242919754941187,3.138335172965744,0.7223100069967776,0.0154512707973546,2.139146716462925,0.0284259173874403,0.0004971638251686,1.748980757216873,1.0012451805577192,8.34969088825666e-06,0.0008339306945383,1.486233472272937,3.0,240.0,4.757e-06,193.439023,200.093556,9.7,0.19,,heating,,
GeO2_3_30C_0001_0004,0.2,0.02,5.69082396345189,0.0741666230293362,1.303266864440996,0.7439960644414664,0.0076173808066615,1.023846922144685,0.0312956142916279,0.0002436935933348,0.7786828884840792,1.001270019250471,1.85675011646448e-05,0.0018543949991176,0.8397839517807698,3.0,30.0,4.845e-06,195.300849,194.266996,9.7,0.19,,heating,,
GeO2_3_30C_0001_0004,0.21,0.01,5.726657974281396,0.1187693661706243,2.073973453697101,0.7508969376016211,0.0112931972258236,1.5039610178587617,0.0307725028022244,0.0003667142827879,1.1916946929692196,1.0012613108197066,1.0955698882391655e-05,0.0010941897748373,0.946013544459068,3.0,30.0,4.845e-06,195.300849,194.266996,9.7,0.19,,heating,,
GeO2_3_310C_0001_0004,0.2,0.02,3.5738610187869497,0.0718706803978685,2.011009382291623,0.7506017156009251,0.0114214502246759,1.5216392378655834,0.027439422755269,0.0003230832334409,1.1774418008808516,1.001330496001211,1.7919278007144993e-05,0.001789546815832,1.068192320894368,3.0,310.0,4.826e-06,195.480861,194.443101,9.7,0.19,,heating,,
GeO2_3_310C_0001_0004,0.21,0.01,3.4526862977480044,0.1034062802250656,2.9949515046447104,0.7222283264623266,0.0146769922154501,2.032181746088817,0.0276349118191936,0.0004613928998061,1.669601491131569,1.001243642261182,7.99420840704297e-06,0.0007984278820476,1.032969616291907,3.0,310.0,4.826e-06,195.480861,194.443101,9.7,0.19,,heating,,
GeO2_3_380C_0001_0004,0.2,0.02,2.9575098542421308,0.0557275196226709,1.8842716463898728,0.7259321717119798,0.009764477316794,1.3450949961022256,0.0267117686151266,0.0002867793325906,1.0736066814693066,1.0013141441085518,1.354257949407858e-05,0.001352480595002,1.3165266912356195,3.0,380.0,4.817e-06,196.590422,195.539853,9.7,0.19,,heating,,
GeO2_3_380C_0001_0004,0.21,0.01,2.7868216484859736,0.0852009949247337,3.057281938764248,0.6910634890210579,0.0133474265239752,1.9314327461985936,0.0274757554048378,0.0004536623497459,1.6511369498729107,1.0012279418667156,4.510042504668636e-06,0.0004504511226744,1.4862650792351997,3.0,380.0,4.817e-06,196.590422,195.539853,9.7,0.19,,heating,,
GeO2_3_415C_0001_0004,0.2,0.02,2.8404325373760835,0.0639371459724622,2.250965130526411,0.6927720853703525,0.0114529333874808,1.6532036479729344,0.0265974554391766,0.0003460046312199,1.3008937340310156,1.0014358741947025,2.767383353066537e-05,0.0027634154361525,1.5673325531545912,3.0,415.0,4.778e-06,194.840859,193.796389,9.7,0.19,,heating,,
GeO2_3_415C_0001_0004,0.21,0.01,2.7981098944081046,0.0810526572820255,2.896693137178263,0.7027759583421231,0.0150860746238767,2.146640681827729,0.0263732834454659,0.0004431400540532,1.6802612195390136,1.0015074077240171,3.428191873515187e-05,0.003423031968686,1.2727464078388304,3.0,415.0,4.778e-06,194.840859,193.796389,9.7,0.19,,heating,,
GeO2_3_450C_0001_0004,0.2,0.02,3.76276703646504,0.0883608091665415,2.348293378522652,0.6515724034612383,0.0097926733462964,1.5029294203186696,0.0258277953532066,0.000327386794332,1.2675754544857116,1.0013926622175489,1.8913115389517616e-05,0.0018886812439423,1.7371945235476425,3.0,450.0,4.742e-06,193.365114,199.569091,9.7,0.19,,heating,,
GeO2_3_450C_0001_0004,0.21,0.01,3.6443844757912034,0.1097465613545073,3.0113881255813757,0.6556289877993423,0.0126225587736208,1.9252594086770327,0.0257382475098855,0.0004189919525948,1.6278961978042548,1.0014350664462006,2.3113060663589268e-05,0.0023079939416951,1.362021436150237,3.0,450.0,4.742e-06,193.365114,199.569091,9.7,0.19,,heating,,
GeO2_3_485C_0001_0004,0.2,0.02,4.781838444199669,0.0787149575764727,1.6461233162729143,0.6774662099310542,0.0077618748784494,1.145721331140537,0.0247138726843756,0.0002288798703968,0.926118999316136,1.001426377767264,1.6175840435626593e-05,0.0016152800440199,1.081600457538073,3.0,485.0,4.899e-06,198.758586,197.669256,9.7,0.19,,heating,,
GeO2_3_485C_0001_0004,0.21,0.01,4.56985500342004,0.1027650306398417,2.2487591086135845,0.6739720933424296,0.0103867840326022,1.5411296899684823,0.0247602935533075,0.0003110905929456,1.256409146668049,1.001439167933495,2.098863987466925e-05,0.0020958477106482,0.919618017031792,3.0,485.0,4.899e-06,198.758586,197.669256,9.7,0.19,,heating,,
GeO2_3_520C_0001_0004,0.2,0.02,4.353529516278606,0.0781329842403368,1.7947043645433889,0.6775159137213954,0.0082973388594319,1.2246706964943608,0.0247436072193252,0.0002473130545016,0.9995028304059916,1.0014125088448824,1.5705675397816467e-05,0.0015683522283871,2.26313191748616,3.0,520.0,4.881e-06,197.028841,195.959736,9.7,0.19,,heating,,
GeO2_3_520C_0001_0004,0.21,0.01,4.230069332621654,0.0918886300109133,2.1722724330374943,0.6786222678808564,0.0100039595156668,1.4741572726321432,0.0246859165677843,0.000298174818429,1.2078742047527884,1.001429910317209,1.8357130127346223e-05,0.0018330918557776,1.5520996626432393,3.0,520.0,4.881e-06,197.028841,195.959736,9.7,0.19,,heating,,
GeO2_3_555C_0001_0004,0.2,0.02,3.124443919666565,0.0666144425577146,2.132041549487105,0.666412414801261,0.0090912849759542,1.3642130269535089,0.0249761399894049,0.0002881722686402,1.1537902524670087,1.0014016842965432,1.4011181726251948e-05,0.0013991569962351,2.1862378347553477,3.0,555.0,4.84e-06,195.697487,194.653733,9.7,0.19,,heating,,
GeO2_3_555C_0001_0004,0.21,0.01,2.9138922302571264,0.1032701742114234,3.5440629251518594,0.626255864158733,0.0120235354324902,1.9199078396881435,0.0258205766005715,0.0004615074587014,1.7873631012998017,1.0012453767893206,2.9352511911751437e-06,0.0002931600244275,2.50380647982224,3.0,555.0,4.84e-06,195.697487,194.653733,9.7,0.19,,heating,,
GeO2_3_590C_0001_0004,0.2,0.02,1.8059955120668307,0.046737995303008,2.587935296113763,0.6755674637596011,0.0109761995679822,1.624737743718241,0.0251249502869775,0.0003498052848638,1.3922625950234035,1.001337272999458,1.1710382589519129e-05,0.0011694743524767,1.8333872794684485,3.0,590.0,4.746e-06,194.262304,193.235308,9.7,0.19,,heating,,
GeO2_3_590C_0001_0004,0.21,0.01,1.618156271219186,0.0647982969810452,4.004452359364743,0.6301591531203603,0.0137910101443594,2.1884963625570624,0.026289670048275,0.0005336606754523,2.029925345096984,1.001242259474044,2.8648960295883463e-06,0.0002861341501,1.733534134805331,3.0,590.0,4.746e-06,194.262304,193.235308,9.7,0.19,,heating,,
GeO2_3_625C_0001_0004,0.2,0.02,0.992484311983817,0.0233831673836136,2.356023878793053,0.7029673434040262,0.0108499720165251,1.5434532085069037,0.0243866337022309,0.0003156889637272,1.2945163632749188,1.001257297809978,7.588048159444322e-06,0.0007578519703218,1.3144953831679989,3.0,625.0,4.837e-06,200.129275,199.14128,9.7,0.19,,heating,,
GeO2_3_625C_0001_0004,0.21,0.01,1.001399865680399,0.0334574956515886,3.341072512413009,0.7033538132342523,0.0152039802719082,2.161640412809497,0.0239622212731562,0.0004375300589957,1.825916111900328,1.0012386458067664,1.7202064961278104e-06,0.0001718078405515,1.254111980398205,3.0,625.0,4.837e-06,200.129275,199.14128,9.7,0.19,,heating,,
"GeO2_3_660C_0001_range(4, 8)",0.2,0.02,0.7137495120276068,0.0282430612471167,3.9569990271354953,0.6767317433092824,0.0164921563465171,2.4370301097254434,0.0237561322079774,0.0005026391695672,2.1158291474672613,1.0013117436107792,1.00256112653463e-05,0.0010012477462007,1.574943238707669,3.0,660.0,,,,9.7,0.19,,heating,,
"GeO2_3_660C_0001_range(4, 8)",0.21,0.01,0.690894172465835,0.0405066470712429,5.862930776601101,0.6658414719354954,0.0231975357442643,3.483942758451622,0.0239776134678347,0.0007403110287631,3.0875092292076274,1.0012553140764604,4.486548860791198e-06,0.0004480923893951,1.5751020849278357,3.0,660.0,,,,9.7,0.19,,heating,,
"GeO2_3_695C_0001_range(4, 8)",0.2,0.02,0.4333159391047554,0.0210710518277082,4.862745614952842,0.6884859698340513,0.0210351478389058,3.0552761799889776,0.0233482338180604,0.0006136123557288,2.62808896171911,1.0012745640603131,9.258663680857452e-06,0.0009246877942561,1.4424549809971474,3.0,,,,,9.7,0.19,,heating,,
"GeO2_3_695C_0001_range(4, 8)",0.21,0.01,0.4483529800792776,0.0267544709711211,5.967278497042767,0.719383446400997,0.0286794649482301,3.9866729060434514,0.0223545055979433,0.0007412142310712,3.315726343504863,1.001244410608925,3.980484764801367e-06,0.000397553756368,1.1270420667439494,3.0,,,,,9.7,0.19,,heating,,
GeO2_3_730C_0001_0004,0.2,0.015,0.2578262615965339,0.0264761185857973,10.268976644136124,0.7169065628883705,0.048823167239635,6.810255306204703,0.0223380661427589,0.0012735762777693,5.7013721314553685,1.001235821433271,5.281852794651077e-06,0.0005275333424537,0.9001721608706363,3.0,730.0,4.8671e-06,199.65727,199.65727,9.7,0.19,,heating,,
GeO2_3_730C_0001_0004,0.2,0.015,0.2578262615965339,0.0264761185857973,10.268976644136124,0.7169065628883705,0.048823167239635,6.810255306204703,0.0223380661427589,0.0012735762777693,5.7013721314553685,1.001235821433271,5.281852794651077e-06,0.0005275333424537,0.9001721608706363,3.0,730.0,0.0,,,9.7,0.19,,,,
GeO2_3_730C_0001_0004,0.17,0.015,0.3312449575834049,0.0303046832570924,9.148722890207925,0.8138461283517019,0.0599900788206932,7.371181938555427,0.0205513500419887,0.0011378645062053,5.536689822715325,1.0011829223322573,5.914858195688403e-06,0.0005907869644749,1.1081887316219914,3.0,730.0,4.8671e-06,199.65727,199.65727,9.7,0.19,,heating,,
GeO2_3_730C_0001_0004,0.17,0.015,0.3312449575834049,0.0303046832570924,9.148722890207925,0.8138461283517019,0.0599900788206932,7.371181938555427,0.0205513500419887,0.0011378645062053,5.536689822715325,1.0011829223322573,5.914858195688403e-06,0.0005907869644749,1.1081887316219914,3.0,730.0,0.0,,,9.7,0.19,,,,
GeO2_3_730C_0001_0004,0.14,0.015,0.3151251913948601,0.0419716675418428,13.319045473978392,0.647041403828599,0.0489150537250941,7.5598027321991506,0.0235851044989379,0.0016246456162954,6.888439338348373,1.0013378695049555,6.598263622558275e-06,0.000658944780129,1.1856325994221877,3.0,730.0,4.8671e-06,199.65727,199.65727,9.7,0.19,,heating,,
GeO2_3_730C_0001_0004,0.14,0.015,0.3151251913948601,0.0419716675418428,13.319045473978392,0.647041403828599,0.0489150537250941,7.5598027321991506,0.0235851044989379,0.0016246456162954,6.888439338348373,1.0013378695049555,6.598263622558275e-06,0.000658944780129,1.1856325994221877,3.0,730.0,0.0,,,9.7,0.19,,,,
"GeO2_3_730C_0001_range(4, 8)",0.21,0.01,0.2807034148187283,0.0232139227772841,8.269911070470988,0.7252268729579182,0.0405426216646627,5.590336372851869,0.0215674211829467,0.0009982711007447,4.628606694684984,1.0012561658290646,5.699703385252821e-06,0.0005692552595202,1.003813760032203,3.0,730.0,,,,9.7,0.19,,heating,,
"GeO2_3_730C_0001_range(4, 9)",0.2,0.02,0.2906473101174146,0.0131862887370767,4.536869352670023,0.7565487124031449,0.0248220721767483,3.2809615256500897,0.0220062654775461,0.000575700083307,2.616073517310049,1.0012872896220346,7.4685815250105775e-06,0.0007458979657905,0.9427661578494988,,,,,,,,,,,
"GeO2_3_730C_0001_range(4, 9)",0.21,0.01,0.2817285540639315,0.0204387834842042,7.254778824998391,0.7305396103038341,0.0362360778472183,4.960179754270628,0.021744203348564,0.0008873139574534,4.080691958356085,1.001258353356823,4.985006868629091e-06,0.0004978741852106,0.9963665348798544,,,,,,,,,,,
GeO2_3_730C_Q_0001_0004,0.085,0.01,0.3332249780217821,0.1083533631077803,32.51657896446692,0.5481848922772978,0.0785025207016296,14.320445858241447,0.0251565893716747,0.0037838771591819,15.041296350937062,1.001573083609249,1.4778608422357378e-05,0.0014755396949268,2.25898132979064,3.0,730.0,0.0,,,9.7,0.13,,,,
GeO2_3_730C_Q_0001_0004,0.105,0.01,0.4165022609962543,0.0583726896292596,14.014975450465696,0.7836186007681102,0.0837421076741194,10.686590082475666,0.0209010320487714,0.001725949826268,8.2577253708844,1.0013596192577765,9.061633067078226e-06,0.0009049329424522,1.6239139698519272,3.0,730.0,0.0,,,9.7,0.13,,,,
GeO2_3_730C_Q_0001_0004,0.125,0.01,0.325041571951602,0.0438328987949749,13.485320825823957,0.7369403557669097,0.0688625282478015,9.344382853906623,0.0225614938560497,0.0017203329216239,7.625084281210722,1.001244872464351,8.485475775284727e-06,0.00084749255738,1.159894622277811,3.0,730.0,0.0,,,9.7,0.13,,,,
GeO2_3_730C_Q_0001_0004,0.145,0.01,0.2815157363388763,0.0453899654217593,16.123420314635933,0.6740820676273491,0.0656810179843012,9.7437717362052,0.0234241277888382,0.002009917301386,8.580542761313971,1.0012716772414478,7.993646599516163e-06,0.000798349417167,1.1465488633952938,3.0,730.0,0.0,,,9.7,0.13,,,,
GeO2_3_730C_Q_0001_0005,0.3,0.02,0.2352051199536889,0.027877118775188,11.852258480035196,0.796214026331601,0.0734839914465066,9.229175701044817,0.0190922906251143,0.00135056928124,7.073898610486965,1.0013134622515782,5.18769814102268e-06,0.0005180893233331,1.1551459785895144,3.0,730.0,0.0,,,9.7,0.29,,,,
GeO2_3_730C_Q_0001_0005,0.26,0.02,0.2259967465376876,0.0239226496478311,10.58539559278203,0.7621073923258629,0.0587475077631161,7.708560283587544,0.0218305718193296,0.0013390812640123,6.133972463454449,1.0013919219960072,5.19926180879529e-06,0.0005192034901212,0.8346826639765605,3.0,730.0,0.0,,,9.7,0.29,,,,
"GeO2_3_730C_att2_0001_range(4, 8)",0.2,0.02,0.5551429258949165,0.037919941216299,6.830662780250741,0.6550579047948359,0.0261490376043046,3.991866583534255,0.0242410471781714,0.0008657664715841,3.571489569822332,1.0013512771261728,1.453093278906e-05,0.001451132396891,0.9606323330500264,3.0,730.0,100.0,,,9.7,0.19,,,,0.5
"GeO2_3_730C_att2_0001_range(4, 8)",0.21,0.01,0.6014183912714522,0.0610173969946275,10.145582157145428,0.6938534524556809,0.0445031746448497,6.413915573576018,0.0235527425183039,0.0012947179209463,5.497100475412521,1.0012928958049314,7.362671058749401e-06,0.0007353164183623,1.212221611317273,3.0,730.0,100.0,,,9.7,0.19,,,,0.5
GeO2_4_10p25_0001_0014,0.19,0.01,0.1124684883687392,0.0171151512070954,15.217730277463762,0.4308317570633989,0.0197442872305467,4.582830050673645,0.1688257374091566,0.0102665243343919,6.081136971142344,1.0012216609776134,1.3966384725650168e-05,0.0013949343357207,30.35457155274807,,,,,,,,,,,
GeO2_4_10p25_0001_0015,0.19,0.01,0.2070738305225343,0.0069819010494503,3.3716964774506177,0.6996270992958775,0.0164421250821996,2.350126960311776,0.1209723392242092,0.0023310306475208,1.9269121044278887,1.0032497564817326,0.0001387812819144,0.0138331737453986,1.8889535410366487,,,,,,,,,,,
GeO2_4_10p25_0001_0016,0.19,0.01,0.1642475572331749,0.0106561367176489,6.487850959342374,0.556677451305753,0.0160941315549077,2.891105346041427,0.1408898611034285,0.0043036382884234,3.054611775977357,1.0012364673934206,7.631186034467838e-06,0.0007621761974306,4.2723689985610935,,,,,,,,,,,
GeO2_4_10p25_0001_0017,0.19,0.01,0.1579158303386256,0.0139153408680096,8.811872019524822,0.5328187581821586,0.0195938691640905,3.677398526834868,0.1445301070163552,0.0058252834885014,4.030498287697437,1.001246575328706,2.097012523848651e-05,0.002094401694368,3.7755259403313217,,,,,,,,,,,
GeO2_4_30C_0002_0004,0.19,0.01,6.177408138799707,0.142377052248601,2.304802419551081,0.8124861203996465,0.01538508315403,1.893581043139847,0.0303240362576334,0.0004249382830799,1.4013249406170432,1.0012280631495971,1.417215881414786e-05,0.0014154775855528,1.469972096543847,,,,,,,,,,,
GeO2_4_30C_0002_0005,0.19,0.01,13.184594346081749,0.2584232607054566,1.960039527361385,0.8252239932363707,0.013600796702573,1.6481339386695888,0.0309688941969381,0.0003723027477128,1.2021828914693642,1.0012602387071716,1.3077823647245603e-05,0.0013061363211757,2.1605125609072715,,,,,,,,,,,
GeO2_4_8p67_0001_0006,0.19,0.01,0.1062864037368413,0.0133044623339703,12.51755809417674,0.5057596504657009,0.0242634901900779,4.797434941228761,0.1798497044572401,0.0099890358244734,5.554101884470109,1.0015056407687148,2.706331658141108e-05,0.0027022630207692,3.60058073397849,,,,,,,,,,,
GeO2_4_8p67_0001_0007,0.19,0.01,0.1132673470756326,0.0116384216627161,10.275178119025597,0.526832121478845,0.0220691978500244,4.189038016147359,0.1741748764871047,0.0081513087068083,4.67995664541886,1.0014121659054809,2.417767785702362e-05,0.0024143583112116,2.4880527170648667,,,,,,,,,,,
GeO2_4_8p67_0001_0008,0.19,0.01,0.1265170948361196,0.0075895068119008,5.998799467954633,0.6195682346956138,0.020062886254155,3.238204467343575,0.1590925556696417,0.0048888212119424,3.0729415285113477,1.0027610590332832,0.0001225921303351,0.0122254578227576,2.077375073498408,,,,,,,,,,,
GeO2_6_0001_0009,0.21,0.01,4.992788160624665,0.1011788873422125,2.026500706361908,0.7399666903025085,0.0105848277716034,1.4304465201367644,0.0331006514963742,0.0003816250661139,1.1529231264701585,1.0011316450304195,8.516758438464094e-06,0.0008507131385508,0.997427603281602,6.0,30.0,7.1e-09,,,9.7,0.19,,heating,,
GeO2_6_0001_0012,0.2,0.02,5.191249911064868,0.0515875681491547,0.9937407952408266,0.7243568608329115,0.0048906044162128,0.6751650575366005,0.0308661253477981,0.000171593765291,0.5559290755076041,1.001130756392993,2.681608906033053e-06,0.0002678580084478,1.002461781643347,6.0,30.0,6.6e-09,,,9.7,0.19,,heating,,
GeO2_6_0001_0012,0.21,0.01,5.255936121970064,0.0731798604486381,1.3923278127894825,0.7417869716308321,0.0072751688122748,0.9807625491561652,0.0302391558165715,0.000239386325855,0.7916435475485225,1.001154408476577,3.827269605372989e-06,0.0003822856467462,1.004080271107716,6.0,30.0,6.6e-09,,,9.7,0.19,,heating,,
GeO2_6_0001_0012,0.2,0.015,5.12907922399283,0.0723568118049951,1.4107173752849078,0.7273074391887651,0.0070168927335351,0.964776703145204,0.0310333995490517,0.0002457785001729,0.7919805878324502,1.0011326086242631,3.1539042528036443e-06,0.0003150336154905,2.2668599449202915,6.0,30.0,6.6e-09,,,9.7,0.19,,heating,,
GeO2_6_0001_0012,0.17,0.015,5.371626255902974,0.0926648656247414,1.7250802868667636,0.7140603309541849,0.0081781291000856,1.145299457982406,0.0316937451731477,0.0003027693315466,0.9552967940285568,1.001088934052312,4.365237960686887e-06,0.0004360489674995,3.4279062671282983,6.0,30.0,6.6e-09,,,9.7,0.19,,heating,,
GeO2_6_0001_0012,0.14,0.015,5.794957055663517,0.1176139631278285,2.029591625927275,0.7071275000552032,0.0094163762732102,1.3316376852088416,0.0326771976306293,0.0003648978087792,1.1166741190719414,1.0012368549120405,4.916931522526461e-06,0.0004910857504299,3.9205282777196953,6.0,30.0,6.6e-09,,,9.7,0.19,,heating,,
GeO2_6_100C_0001_0003,0.21,0.01,4.799045884863278,0.1216894140744154,2.535700157780056,0.723988093876963,0.012634294303194,1.745096971904235,0.0288865472067671,0.0004116749825136,1.4251443052952806,1.0011772272518031,1.1528652790712684e-05,0.0011515096904829,0.992444985315604,6.0,100.0,6.67e-06,,,9.7,0.19,,heating,,
GeO2_6_170C_0001_0001,0.21,0.01,4.275085448676677,0.1183061861104967,2.767340852733541,0.7467629785405334,0.0148502740059413,1.98861947266917,0.0271972610383246,0.0004316248457784,1.5870158585830567,1.0011803280389135,1.1505503947715903e-05,0.0011491939689079,0.9869922785654024,6.0,170.0,0.0,,,9.7,0.19,,heating,,
GeO2_6_240C_0001_0003,0.21,0.01,3.696431080395112,0.1208015145749537,3.2680580794716523,0.7394402018536456,0.0179745566747052,2.430833031480597,0.0266516508155725,0.0005085167279066,1.908012120620713,1.0013457800270773,2.875245638352789e-05,0.0028713813906271,1.0114854738205965,6.0,240.0,0.0,,,9.7,0.19,,heating,,
GeO2_6_310C_0001_0003,0.21,0.01,3.0224139793300635,0.1229040785927389,4.066421060558401,0.7245418366008127,0.0201196644716173,2.7768809826094665,0.0263529808924271,0.0006016533235812,2.283056046058752,1.0011896076808329,1.3228048240159112e-05,0.0013212330750017,1.0052102326906054,6.0,310.0,6.67e-06,,,9.7,0.19,,heating,,
GeO2_6_380C_0001_0001,0.21,0.01,2.101633403937471,0.1175262700423623,5.592139419851884,0.6973165746469282,0.0249910916965397,3.5838946907569955,0.0251454864104199,0.0007690133053889,3.0582558350123463,1.0011806197570838,1.3469656039319892e-05,0.0013453772249994,1.0037338219860572,6.0,380.0,100.0,,,9.7,0.19,,heating,,
GeO2_6_450C_0001_0003,0.21,0.01,1.6459468041762606,0.128401046376671,7.801044727015424,0.6249705194827798,0.0272406751938863,4.35871362643321,0.0259516161070151,0.0010410243797892,4.011404821558863,1.0012608913752137,3.210669645412071e-05,0.0032066264377931,1.0075055688343617,6.0,450.0,100.0,,,9.7,0.19,,heating,,
GeO2_6_520C_0001_0001,0.21,0.01,1.4061804133621585,0.1273107307494138,9.05365552952168,0.6308264551942305,0.0320389931825189,5.078891812274138,0.0249836318531016,0.0011683012002741,4.676266473759629,1.0012165825786483,3.243629983341876e-05,0.0032396886345887,1.0010062493495622,6.0,520.0,100.0,,,9.7,0.19,,heating,,
GeO2_6_590C_0001_0003,0.21,0.01,0.576809853744196,0.0813051785784775,14.095663943795032,0.6472568230397272,0.0519026468725068,8.018864386590046,0.0253040571648593,0.0018875118226793,7.459324844162023,1.0012673748735514,4.295255130892218e-05,0.0042898183229376,0.9639070581678336,6.0,590.0,100.0,,,9.7,0.19,,heating,,
GeO2_6q_delcoup_1_0001_0002,0.085,0.01,5.850337819168729,0.2292060019261055,3.917825072854909,0.6659269710625777,0.0157067149117707,2.358624232730582,0.0342436881402587,0.0007083776954679,2.068637269929865,1.0017116157478412,1.3027846417903108e-05,0.0013005585852348,3.4132574576789367,6.0,30.0,100.0,,,9.7,0.13,,,,
GeO2_6q_delcoup_1_0001_0002,0.105,0.01,5.669504782418438,0.1298050368133095,2.289530422760109,0.7197493554320193,0.0111406278923137,1.5478482624867018,0.0330507295820158,0.0004206264612364,1.2726692165529396,1.0013028331479206,8.943344033641643e-06,0.0008931707509031,2.1557518721208857,6.0,30.0,100.0,,,9.7,0.13,,,,
GeO2_6q_delcoup_1_0001_0002,0.125,0.01,5.240433684443117,0.1149842527856581,2.194174370090844,0.7095080187767328,0.0103265192836522,1.4554478611046888,0.0332435090637614,0.0004024608895182,1.2106450277143816,1.0011576617486913,8.020334859684968e-06,0.0008011060761075,1.8297069810327515,6.0,30.0,100.0,,,9.7,0.13,,,,
GeO2_6q_delcoup_1_0001_0002,0.145,0.01,5.128646151080099,0.111756779905166,2.1790698093224847,0.7197850932078255,0.010621695782568,1.47567598756887,0.0325170828272349,0.0003941664305706,1.2121826323255611,1.001225240183182,7.76463759516747e-06,0.0007755135691292,1.6973584827940946,6.0,30.0,100.0,,,9.7,0.13,,,,
GeO2_6q_delcoup_3_0001_0002,0.3,0.02,4.743378036253641,0.0671886971848059,1.4164735905779098,0.7218507360449019,0.0069033226275836,0.9563365780310286,0.0290752741119884,0.0002290506737554,0.7877850880208669,1.00117031539117,3.2945121903752093e-06,0.0003290661079067,1.974627383706074,6.0,30.0,100.0,,,9.7,0.29,,,,
GeO2_6q_delcoup_3_0001_0002,0.26,0.02,5.014682674364336,0.0688554370395214,1.37307665331485,0.7303820065438871,0.0069060467908282,0.9455390095803644,0.0298799776326235,0.0002301526052702,0.7702569530004632,1.0013063568148912,3.4980137251789606e-06,0.000349345003292,1.6521732242461222,6.0,30.0,100.0,,,9.7,0.29,,,,
GeO2_6q_delcoup_5_0001_0002,0.415,0.02,4.841424437779235,0.1096642361261108,2.265123364734655,0.7236673267922602,0.0111576845262452,1.54182510570195,0.0074785028728584,9.440904745055633e-05,1.2624057121538776,1.0025473099635551,1.350024413423618e-06,0.0001346594220548,1.1162952816445744,6.0,30.0,100.0,,,9.7,0.46,,,,
GeO2_6q_delcoup_5_0001_0002,0.455,0.02,4.854781390569775,0.102986129218024,2.1213340196547383,0.7202304846906284,0.0103558228530233,1.4378484489547378,0.0069105031801135,8.14408342971621e-05,1.1785080214061112,1.0018838777670152,1.128127882768353e-06,0.0001126006623924,1.267338688256619,6.0,30.0,100.0,,,9.7,0.46,,,,
GeO2_7_100C_0001_0003,0.2,0.02,5.46134943687695,0.0647848813997902,1.1862431098501036,0.7482944366331072,0.0070327878006034,0.9398423209247552,0.0266192583720894,0.0001891287535654,0.7104959534248623,1.0013719403485764,1.4262483034726018e-05,0.0014242942567135,0.9899067122092736,7.0,100.0,4.2e-06,,,9.7,0.19,,heating,,
GeO2_7_100C_0001_0003,0.21,0.01,5.225067661146404,0.102449797918126,1.9607362920856053,0.7198817584133675,0.0095768893175202,1.330341990971942,0.0268418659230494,0.0002929034058061,1.0912184966792222,1.0013122575584736,5.942558273409198e-06,0.000593477032619,1.1649652606714167,7.0,100.0,4.2e-06,,,9.7,0.19,,heating,,
GeO2_7_170C_0001_0003,0.2,0.02,5.124547210200308,0.0668943574113895,1.3053710828975815,0.7519803564728281,0.007725619217635,1.0273698177266413,0.0268092953732157,0.000209074028172,0.779856483587134,1.0014866432694882,1.526393903106817e-05,0.0015241280683721,1.0666635390419512,7.0,170.0,0.0,,,9.7,0.19,,heating,,
GeO2_7_170C_0001_0003,0.21,0.01,4.915522162368796,0.1086268125122658,2.2098733140472384,0.724066678972166,0.0109290798437396,1.5094024018967214,0.0273569079214702,0.000337758988236,1.2346387581727103,1.0013616839617796,6.690980281858511e-06,0.0006681881670752,1.355463290710181,7.0,170.0,0.0,,,9.7,0.19,,heating,,
GeO2_7_240C_0001_0003,0.2,0.02,4.58631693887492,0.0838495267983809,1.8282540852693503,0.7378307526138501,0.0102842121109532,1.3938443300879242,0.0264276063384514,0.0002839004059669,1.0742569808672486,1.0013592058356973,1.87838643641416e-05,0.0018758367881049,1.6102433345832594,7.0,240.0,0.0,,,9.7,0.19,,heating,,
GeO2_7_240C_0001_0003,0.21,0.01,4.43505761492447,0.1240064785696568,2.7960511302572724,0.714400074821154,0.013396372378027,1.875191905793224,0.026612993026654,0.0004118941585375,1.5477182822878748,1.001251986709928,7.705961869381548e-06,0.0007696326171299,1.6687589244418013,7.0,240.0,0.0,,,9.7,0.19,,heating,,
GeO2_7_300C_0001_0004,0.21,0.01,3.787569420347543,0.1983715178911611,5.237435829571113,0.7479368210909451,0.0286568337156669,3.8314511209473463,0.0259941315497959,0.0007827545405791,3.011274060376392,1.001321991967561,2.7098485693840043e-05,0.0027062709009908,0.9080285024585288,7.0,300.0,0.0,,,9.7,0.19,,cooling,,
GeO2_7_30C_0003_0003,0.2,0.02,6.283852202133858,0.0662885857989383,1.0549036429664624,0.8161973706240268,0.0077194949249423,0.9457877717788288,0.0277944175195537,0.0001862480910142,0.6700917221354526,1.001393077032671,1.6181231934669725e-05,0.0016158721590744,1.1299192378575955,7.0,30.0,0.0,,,9.7,0.19,True,heating,,
GeO2_7_30C_0003_0003,0.21,0.01,6.1127334240452,0.0963853740815192,1.5767966210071478,0.7987753451940893,0.0100047236490556,1.252507818280833,0.0279643299361435,0.00026335296405,0.9417460194875968,1.00133392589064,6.182502280009856e-06,0.0006174266266381,1.142487390686033,7.0,30.0,0.0,,,9.7,0.19,True,heating,,
GeO2_7_30C_0004_0004,0.21,0.01,5.434425065349041,0.2951973226759442,5.4319880967387,0.7581100497809176,0.0322320447225475,4.251631373553495,0.0287019994467231,0.0009232608720892,3.216712737393211,1.0012464819220783,5.811938398133228e-05,0.0058047029408544,1.2586678042657151,7.0,30.0,0.0,,,9.7,0.19,,cooling,,
GeO2_7_310C_0001_0003,0.2,0.02,3.840403279441321,0.0832425950449513,2.167548275218142,0.7227759236359926,0.0113387284592093,1.5687750640847042,0.025968242837968,0.0003226552286539,1.2424992736982152,1.0012818678668325,1.8424104969596775e-05,0.001840051793692,1.653368921072954,7.0,310.0,0.0,,,9.7,0.19,,heating,,
GeO2_7_310C_0001_0003,0.21,0.01,3.744103222390532,0.1096549555136121,2.9287375107035563,0.7072044313827471,0.0136085930233027,1.924279942179488,0.026050414330917,0.0004188766379533,1.6079461640510269,1.0012071154925442,6.746238182861189e-06,0.0006738104512513,1.3746528360974113,7.0,310.0,0.0,,,9.7,0.19,,heating,,
GeO2_7_345C_0001_0003,0.2,0.02,3.4892288934677103,0.0568760342968973,1.630045950937088,0.7166882838810668,0.0083014681373438,1.1583094525264308,0.0255379765611134,0.0002368700970737,0.9275210058512914,1.0012864486135695,1.2676174341257988e-05,0.0012659888045833,1.5273747862930631,7.0,345.0,0.0,,,9.7,0.19,,heating,,
GeO2_7_345C_0001_0003,0.21,0.01,3.2714094045848303,0.0865729561636741,2.6463504091644263,0.6838093535326523,0.0112499593447564,1.6451894503398663,0.0261644071483758,0.000371171463939,1.4186121697089689,1.0011962143495892,3.686908579593087e-06,0.0003682503516044,1.7112139113002485,7.0,345.0,0.0,,,9.7,0.19,,heating,,
GeO2_7_380C_0001_0003,0.2,0.02,3.06118897653822,0.0578445103689225,1.8896092600704677,0.726862709723171,0.0098326486205086,1.3527518318078915,0.0248663782425846,0.0002683770971132,1.079276983946166,1.0013036990545727,1.2942833117836357e-05,0.0012925981527938,1.7507921588637831,7.0,380.0,0.0,,,9.7,0.19,,heating,,
GeO2_7_380C_0001_0003,0.21,0.01,2.981812800709784,0.089877181340882,3.014179203989194,0.6980899118234825,0.0135082963352312,1.9350367490551807,0.024976859488238,0.0004092579072166,1.638548302717565,1.0011905242075991,4.263347114613372e-06,0.0004258277532128,1.9157200464775472,7.0,380.0,0.0,,,9.7,0.19,,heating,,
GeO2_7_415C_0001_0003,0.2,0.02,2.922362797824739,0.0573112469104088,1.9611270357352104,0.7041500151220853,0.0094590250712116,1.3433252670699172,0.0248996036264498,0.0002729886080273,1.096357243764955,1.001304761442302,1.270825509343024e-05,0.0012691695458558,1.589776703966758,7.0,415.0,0.0,,,9.7,0.19,,heating,,
GeO2_7_415C_0001_0003,0.21,0.01,2.6803620323446857,0.0802081894368665,2.992438650785666,0.659338853940877,0.0115972483558737,1.7589208168996593,0.0258855838550819,0.0004049853796304,1.5645209391363823,1.0012023651799808,3.689783938033279e-06,0.0003685352798152,1.5065084644923794,7.0,415.0,0.0,,,9.7,0.19,,heating,,
GeO2_7_450C_0001_0003,0.17,0.03,3.377838483843253,0.0719752679386653,2.1308084528888704,0.6650035627010403,0.0091416471190874,1.374676412552873,0.0251299148369092,0.0002904301555959,1.1557148421744905,1.0014797019121926,1.5057064696665414e-05,0.0015034817648241,2.58995390730777,7.0,450.0,0.0,,,9.7,0.19,,heating,,
GeO2_7_450C_0001_0003,0.2,0.02,3.129711580690696,0.0699235284703605,2.2341844181989803,0.6695403875641578,0.0096445831791171,1.4404781785016565,0.0245456780020835,0.0002975352592746,1.2121696505973545,1.001352875002115,1.4438188321213456e-05,0.0014418681647249,1.747734504046273,7.0,450.0,0.0,,,9.7,0.19,,heating,,
GeO2_7_450C_0001_0003,0.21,0.01,2.878424555728353,0.1069354817382705,3.715069812250532,0.6237973914287549,0.0125303004119465,2.008713179009453,0.0255807514690694,0.0004784905122177,1.8705099918439425,1.001212379485076,4.247166233650838e-06,0.0004242023291636,1.981362414635493,7.0,450.0,0.0,,,9.7,0.19,,heating,,
GeO2_7_485C_0001_0003,0.2,0.02,3.7698830784933217,0.0747296257519685,1.982279667459477,0.6782138111212088,0.0090082669586036,1.328234077644531,0.0234475925788123,0.0002567172609494,1.0948555169854706,1.0013865127449229,1.460103376317762e-05,0.0014580817274195,1.4372300107851472,7.0,485.0,0.0,,,9.7,0.19,,heating,,
GeO2_7_485C_0001_0003,0.21,0.01,3.3635819727238347,0.130453757877024,3.878417678977579,0.6143532648827185,0.0125765125839623,2.047114144719847,0.0249351436520781,0.0004817949755969,1.9321925003501188,1.0012089708650034,4.933824273249524e-06,0.0004927866626071,2.082385468158902,7.0,485.0,0.0,,,9.7,0.19,,heating,,
GeO2_7_520C_0001_0005,0.2,0.02,2.6258734914663933,0.0611072084206277,2.3271192850384805,0.6517091197574488,0.0093042548218476,1.4276698821263205,0.0234940461220342,0.000290025945609,1.2344657199639242,1.0013445277700188,1.2431122983330503e-05,0.0012414431435516,2.6086322890180567,7.0,520.0,0.0,,,9.7,0.19,True,heating,,
GeO2_7_520C_0001_0005,0.21,0.01,2.3356737672537857,0.0935320363401584,4.004499157865294,0.594258447116532,0.0119015020015228,2.0027484774127284,0.0246807967530048,0.0004812295241115,1.9498135693408236,1.0011985533520444,2.61590060907651e-06,0.0002612769065954,2.884924318398085,7.0,520.0,0.0,,,9.7,0.19,True,heating,,
GeO2_7_520C_0002_0004,0.17,0.03,1.7064405703874117,0.0599119692744209,3.510932071945474,0.7409416942676471,0.0183252041234801,2.4732316004423107,0.0243621416272678,0.0004851087603478,1.991240211020252,1.0013588595233962,7.440471957152828e-06,0.0007430375121157,1.00022772746821,7.0,520.0,4.1e-06,,,9.7,0.19,,cooling,,
GeO2_7_520C_0002_0004,0.21,0.01,1.680950869098946,0.1005566014329905,5.982126145476978,0.7569268454189909,0.0329418828873788,4.352056356138902,0.0231926684306095,0.0007990151193759,3.4451193995489438,1.0012371582531094,1.1776901799438442e-05,0.0011762349911169,0.9549186821376224,7.0,520.0,4.1e-06,,,9.7,0.19,,cooling,,
GeO2_7_555C_0001_0004,0.2,0.02,2.434281612683173,0.0518809499558047,2.131263272313808,0.6678710735645342,0.0089545215420113,1.340756007625795,0.0236918729909794,0.0002712488416979,1.1449024811216515,1.0012818910676633,1.0935971943685906e-05,0.0010921971166406,1.954100109731248,7.0,555.0,0.0,,,9.7,0.19,True,heating,,
GeO2_7_555C_0001_0004,0.21,0.01,2.3124533039376067,0.0712056569172178,3.0792257208381244,0.6402615332062532,0.0110581701244983,1.727133296470591,0.0244368386458941,0.0003854167459008,1.5771956081790262,1.0012074322186877,2.3410752718935385e-06,0.0002338251991104,1.7936717308420376,7.0,555.0,0.0,,,9.7,0.19,True,heating,,
GeO2_7_590C_0001_0004,0.21,0.01,2.3763997098722647,0.0647124919542164,2.72313162156104,0.6729800939676656,0.0110932693447836,1.64838001067483,0.0230956591204298,0.0003333552923518,1.4433677368269733,1.001210397989911,2.003593423890264e-06,0.0002001171210279,1.5038574995504908,7.0,590.0,0.0,,,9.7,0.19,,heating,,
GeO2_7_625C_0001_0004,0.21,0.01,1.3457713511044052,0.0361197436960311,2.683943573801713,0.6823405373727421,0.0113137310336127,1.6580769299116744,0.0229114616329628,0.0003289381734492,1.4356926621216857,1.0012120429442002,1.1051023828136069e-06,0.0001103764572751,1.3684291012808578,7.0,625.0,0.0,,,9.7,0.19,,heating,,
GeO2_7_660C_0001_0004,0.21,0.01,0.8568767285571433,0.0274394995389793,3.202269197482293,0.6991244447697221,0.0143387324019647,2.050955664507998,0.0222442305268668,0.0003876048168527,1.7424959536566789,1.0012173919940677,1.0996300880263195e-06,0.0001098293034878,1.2292876377348068,7.0,660.0,0.0,,,9.7,0.19,,heating,,
GeO2_7_660C_0001_0007,0.21,0.01,0.7727849200684856,0.0748243136485405,9.682424139682936,0.6894788080482244,0.0419249953321556,6.080679325132106,0.0197693686437773,0.0010321486460067,5.220948956969625,1.001208159980072,6.790839781111297e-06,0.0006782645260548,1.1845397328890646,7.0,660.0,0.0,,,9.7,0.19,True,heating,,
GeO2_7_660C_0001_0009,0.21,0.01,0.7229014653108435,0.0652611966192252,9.027675243563564,0.7084582242612946,0.0418661619861444,5.90947504770631,0.0225333495865158,0.0011177443468645,4.96040032829119,1.0012150462390963,7.55329447264555e-06,0.0007544128008281,1.1594451723527144,7.0,660.0,0.0,,,9.7,0.19,True,heating,,
GeO2_7_660C_0001_0012,0.21,0.01,0.7806915344871441,0.0690550669024583,8.845371552263897,0.69236846030523,0.0387051082607502,5.5902471703703975,0.0221514485882934,0.0010597695337467,4.784199685734495,1.0011966088704,7.807547668947366e-06,0.0007798216254204,1.2034737570219356,7.0,660.0,0.0,,,9.7,0.19,True,heating,,
GeO2_7_660C_0002_0004,0.21,0.01,0.6334611866274232,0.0396070997312859,6.2524903762700905,0.7601270373100776,0.0345782329753684,4.549007110407909,0.0202825601535075,0.0007313705007552,3.6059082049795417,1.001241752910769,3.5857516217317397e-06,0.0003581304526411,1.132379605790029,7.0,660.0,0.0,,,9.7,0.19,,cooling,,
GeO2_7_695C_0001_0004,0.21,0.01,0.5126700054806692,0.018477432658789,3.604157150068688,0.731271981745261,0.0180546936171451,2.4689437128516247,0.0209148466850486,0.0004233278504173,2.0240542844617964,1.0012233301521454,9.037835699693512e-07,9.026792951698528e-05,1.060683271852029,7.0,695.0,0.0,,,9.7,0.19,,heating,,
GeO2_7_730C_0001_0004,0.21,0.01,0.2637733123893055,0.035143236242513,13.323272140073357,0.7549129820206136,0.0721943662702967,9.56326993835237,0.022173554488101,0.0016990056107346,7.662306066654119,1.0012375027159308,7.613417039465055e-06,0.0007604007060076,0.9210046428172702,7.0,730.0,4.36e-06,,,9.7,0.19,True,heating,,
