scan,ID_sample,T,ch2,I_ch2,initial_I,E,theta,fresh,ramp,test,att
#
# d @ AIR : 3-> (1.11234e-6, 195.460266), (1.127e-6, 195.821612) ; 7 -> (1.1084e-6, 193.818422), (1.1426e-6, 199.559981)
#
######################
####### GeO2_6 #######
######################
# GeO2_6 @ Troom (30C), alignement and first measurements
GeO2_6_0001_0009, 6, 30, 7.1e-9,,, 9.7, 0.190,,heating,,
GeO2_6_0001_0011, 6, 30, 100,,, 9.7, 0.190,True,heating,True,
GeO2_6_0001_0012, 6, 30, 6.6e-9,,, 9.7, 0.190,,heating,,
# GeO2_6 T dependence
GeO2_6_100C_0001_0003, 6, 100, 6.67e-6,,, 9.7, 0.190,,heating,,
GeO2_6_170C_0001_0001, 6, 170, 0,,, 9.7, 0.190,,heating,,
GeO2_6_240C_0001_0003, 6, 240, 0,,, 9.7, 0.190,,heating,,
GeO2_6_310C_0001_0003, 6, 310, 6.67e-6,,, 9.7, 0.190,,heating,,
GeO2_6_380C_0001_0001, 6, 380, 100,,, 9.7, 0.190,,heating,,
GeO2_6_450C_0001_0003, 6, 450, 100,,, 9.7, 0.190,,heating,,
GeO2_6_520C_0001_0001, 6, 520, 100,,, 9.7, 0.190,,heating,,
GeO2_6_590C_0001_0003, 6, 590, 100,,, 9.7, 0.190,,heating,,
GeO2_6_660C_0001_0001, 6, 660, 6.81e-6,,, 9.7, 0.190,,heating,,
GeO2_6_730C_0001_0003, 6, 730, 100,,, 9.7, 0.190,,heating,,
GeO2_6_660C_0002_0003, 6, 660, 100,,, 9.7, 0.190,,cooling,,
GeO2_6_590C_0002_0003, 6, 590, 100,,, 9.7, 0.190,,cooling,,
# GeO2_6 Q dependence @ room T (30C)
GeO2_6q_delcoup_1_0001_0002, 6, 30, 100,,, 9.7, 0.13,,,,
GeO2_6q_delcoup_3_0001_0002, 6, 30, 100,,, 9.7, 0.29,,,,
GeO2_6q_delcoup_5_0001_0002, 6, 30, 100,,, 9.7, 0.46,,,,
######################
####### GeO2_7 #######
######################
# GeO2_7 T dependence
GeO2_7_30C_0003_0003,  7, 30, 0,,, 9.7, 0.19,True,heating,,
GeO2_7_100C_0001_0003, 7, 100, 4.2e-6,,, 9.7, 0.19,,heating,,
GeO2_7_170C_0001_0003, 7, 170, 0,,, 9.7, 0.19,,heating,,
GeO2_7_240C_0001_0003, 7, 240, 0,,, 9.7, 0.19,,heating,,
GeO2_7_310C_0001_0003, 7, 310, 0,,, 9.7, 0.19,,heating,,
GeO2_7_345C_0001_0003, 7, 345, 0,,, 9.7, 0.19,,heating,,
GeO2_7_380C_0001_0003, 7, 380, 0,,, 9.7, 0.19,,heating,,
GeO2_7_415C_0001_0003, 7, 415, 0,,, 9.7, 0.19,,heating,,
GeO2_7_450C_0001_0003, 7, 450, 0,,, 9.7, 0.19,,heating,,
GeO2_7_485C_0001_0003, 7, 485, 0,,, 9.7, 0.19,,heating,,
#GeO2_7_520C_0001_0004
GeO2_7_520C_0001_0005, 7, 520, 0,,, 9.7, 0.19,True,heating,,
GeO2_7_555C_0001_0004, 7, 555, 0,,, 9.7, 0.19,True,heating,,
GeO2_7_590C_0001_0004, 7, 590, 0,,, 9.7, 0.19,,heating,,
GeO2_7_625C_0001_0004, 7, 625, 0,,, 9.7, 0.19,,heating,,
GeO2_7_660C_0001_0004, 7, 660, 0,,, 9.7, 0.19,,heating,,
GeO2_7_660C_0001_0007, 7, 660, 0,,, 9.7, 0.19,True,heating,,
GeO2_7_660C_0001_0009, 7, 660, 0,,, 9.7, 0.19,True,heating,,
GeO2_7_660C_0001_0012, 7, 660, 0,,, 9.7, 0.19,True,heating,,
GeO2_7_695C_0001_0004, 7, 695, 0,,, 9.7, 0.19,,heating,,
GeO2_7_730C_0001_0004, 7, 730, 4.36e-6,,, 9.7, 0.19,True,heating,,
GeO2_7_660C_0002_0004, 7, 660, 0,,, 9.7, 0.19,,cooling,,
GeO2_7_520C_0002_0004, 7, 520, 4.1e-6,,, 9.7, 0.19,,cooling,,
GeO2_7_300C_0001_0004, 7, 300, 0,,, 9.7, 0.19,,cooling,,
GeO2_7_30C_0004_0004, 7, 30, 0,,, 9.7, 0.19,,cooling,,
######################
####### GeO2_3 #######
######################
# GeO2_3 T dependence
GeO2_3_30C_0001_0004, 3, 30,4.845e-6,195.300849,194.266996, 9.7, 0.19,,heating,,
GeO2_3_100C_0001_0004, 3, 100,4.885e-6,197.173735,196.114965, 9.7, 0.19,,heating,,
GeO2_3_170C_0001_0004, 3, 170,4.903e-6,198.995318,197.917245, 9.7, 0.19,,heating,,
GeO2_3_240C_0001_0004, 3, 240,4.757e-6,193.439023,200.093556, 9.7, 0.19,,heating,,
GeO2_3_310C_0001_0004, 3, 310,4.826e-6,195.480861,194.443101, 9.7, 0.19,,heating,,
GeO2_3_380C_0001_0004, 3, 380,4.817e-6,196.590422,195.539853, 9.7, 0.19,,heating,,
GeO2_3_415C_0001_0004, 3, 415,4.778e-6,194.840859,193.796389, 9.7, 0.19,,heating,,
GeO2_3_450C_0001_0004, 3, 450,4.742e-6,193.365114,199.569091, 9.7, 0.19,,heating,,
GeO2_3_485C_0001_0004, 3, 485,4.899e-6,198.758586,197.669256, 9.7, 0.19,,heating,,
GeO2_3_520C_0001_0004, 3, 520,4.881e-6,197.028841,195.959736, 9.7, 0.19,,heating,,
GeO2_3_555C_0001_0004, 3, 555,4.840e-6,195.697487,194.653733, 9.7, 0.19,,heating,,
GeO2_3_590C_0001_0004, 3, 590,4.746e-6,194.262304,193.235308, 9.7, 0.19,,heating,,
GeO2_3_625C_0001_0004, 3, 625,4.837e-6,200.129275,199.14128, 9.7, 0.19,,heating,,
"GeO2_3_660C_0001_range(4, 8)", 3, 660,,,, 9.7, 0.19,,heating,,
GeO2_3_660C_0001_0004, 3, 660,4.6762e-6,197.513465,196.756039, 9.7, 0.19,,heating,,
GeO2_3_660C_0001_0005, 3, 660,4.7005e-6,197.513465,198.871736, 9.7, 0.19,,heating,,
GeO2_3_660C_0001_0006, 3, 660,4.7412e-6,197.513465,193.55903, 9.7, 0.19,,heating,,
GeO2_3_660C_0001_0007, 3, 660,4.7601e-6,197.513465,195.467096, 9.7, 0.19,,heating,,
"GeO2_3_695C_0001_range(4, 8)", 3,,,,, 9.7, 0.19,,heating,,
GeO2_3_695C_0001_0004, 3, 695,4.6134e-6,195.18643,194.443554, 9.7, 0.19,,heating,,
GeO2_3_695C_0001_0005, 3, 695,4.6807e-6,195.18643,196.59944, 9.7, 0.19,,heating,,
GeO2_3_695C_0001_0006, 3, 695,4.7123e-6,195.18643,198.531289, 9.7, 0.19,,heating,,
GeO2_3_695C_0001_0007, 3, 695,4.7261e-6,195.18643,193.222211, 9.7, 0.19,,heating,,
"GeO2_3_730C_0001_range(4, 8)", 3, 730,,,, 9.7, 0.19,,heating,,
GeO2_3_730C_0001_0004, 3, 730,4.8671e-6,199.65727,199.65727, 9.7, 0.19,,heating,,
GeO2_3_730C_0001_0005, 3, 730,4.9156e-6,199.65727,195.614402, 9.7, 0.19,,heating,,
GeO2_3_730C_0001_0006, 3, 730,4.9519e-6,199.65727,198.736115, 9.7, 0.19,,heating,,
GeO2_3_730C_0001_0007, 3, 730,4.9362e-6,199.65727,194.734427, 9.7, 0.19,,heating,,
GeO2_3_730C_0001_0008, 3, 730,4.8037e-6,193.141782,198.095944, 9.7, 0.19,,heating,,
# GeO2_3 Q dependence
GeO2_3_730C_0001_0004,   3, 730, 0,,, 9.7, 0.19,,,,
GeO2_3_730C_Q_0001_0004, 3, 730, 0,,, 9.7, 0.13,,,,
GeO2_3_730C_Q_0001_0005, 3, 730, 0,,, 9.7, 0.29,,,,
#GeO2_3_730C_Q_0001_0006, 3, 730, 0, 9.7, 0.38,,,,
#GeO2_3_730C_Q_0001_0007, 3, 730, 0, 9.7, 0.46,,,,
# GeO2_3 attenuators
"GeO2_3_730C_att2_0001_range(4, 8)", 3, 730, 100,,, 9.7, 0.19,,,,.5